1,Abbott Healthcare Pvt Ltd,Mumbai - MIDC,,,
2,ABBOTT HEALTHCARE PVT.LTD. Total,Mumbai BKC,,,
3,Accenture Solutions Pvt. Ltd.,Bangalore- BDC - 10,,,
4,Accenture Solutions Pvt. Ltd.,Bangalore- BDC - 11,,,
5,Accenture Solutions Pvt. Ltd.,Bangalore- BDC - 12i,,,
6,Accenture Solutions Pvt. Ltd.,Bangalore- BDC - 13,,,
7,Accenture Solutions Pvt. Ltd.,Bangalore- BDC - 14,,,
8,Accenture Solutions Pvt. Ltd.,Bangalore- BDC - 4C,,,
9,Accenture Solutions Pvt. Ltd.,Bangalore- BDC - 6,,,
10,Accenture Solutions Pvt. Ltd.,Bangalore- BDC - 7,,,
11,Accenture Solutions Pvt. Ltd.,Bangalore- BDC - 9,,,
12,Agilent Technologies India Pvt. Ltd.,Delhi,,,
13,Agilent Technologies India Pvt. Ltd.,Gurgaon,,,
14,Agilent Technologies India Pvt. Ltd.,Bangalore,,,
15,Airseva India Private Limited,Gurgaon- Udyog Vihar,,,
16,Agilon Health,Bangalore,,,
17,Alcon Laboratories India Pvt Limited,Bangalore,,,
18,Alcon Laboratories India Pvt Limited,Chennai,,,
19,Alcon Laboratories India Pvt Limited,Delhi,,,
20,AON CONSULTING PRIVATE LIMITED,White Field Bangalore ,,,
21,AON CONSULTING PRIVATE LIMITED,Gurgaon,,,
22,AON CONSULTING PRIVATE LIMITED,Mumbai,,,
23,AON CONSULTING PRIVATE LIMITED,Noida,,,
24,ASG Worldwide Pvt Ltd,Cambridge Tower_Chennai,,,
25,ASG Worldwide Pvt Ltd,Chennai,,,
26,ASG Worldwide Pvt Ltd,Hyderabad,,,
27,AXA Business Services Pvt Ltd,Bangalore - Ecoplolis,,,
28,AXA Business Services Pvt Ltd,Bangalore - MFAR,,,
29,AXA Business Services Pvt Ltd,Pune - Marvel Edge,,,
30,AON CONSULTING PRIVATE LIMITED,VST Bangalore ,,,
31,Bajaj ,Pune,,,
32,Blackstone ,"Express Towers, Nariman Point, Mumbai",,,
33,Boston Consulting Group,Gurgoan - Cyber Park,,,
34,Cardinal Health International India Private Limited,Bangalore - Bagmane Tech park,,,
35,Ciena India Private Ltd,Mumbai,,,
36,CIFF,Delhi,,,
37,Clarivate Analytics (India) Private Limited,Hyderabad - Solitare,,,
38,CMA CGM Shared Service Centre (India) Pvt Ltd,Chennai- Ambit 2nd floor,,,
39,CMA CGM Shared Service Centre (India) Pvt Ltd,Chennai- Ambit 8th floor,,,
40,CMA CGM Shared Service Centre (India) Pvt Ltd,Mumbai- Airoli,,,
41,CMA CGM Shared Service Centre (India) Pvt Ltd,Mumbai- Thane,,,
42,Comcast India Engineering Center I LLP,Chennai - PALLAVARAM,,,
43,COMMSCOP NET WORKS INDIA PVT LTD.,Bangalore - Softzone,,,
44,COMMSCOP NET WORKS INDIA PVT LTD.,Hyderabad,,,
45,COMMSCOP NET WORKS INDIA PVT LTD.,Noida,,,
46,COMMSCOP NET WORKS INDIA PVT LTD.,Mumbai,,,
47,Concentrix Catalyst Technologies Pvt Ltd,Chennai - Ramapuram,,,
48,Concentrix ,Chennai- DLF,,,
49,Concentrix ,Hyderabad - Uppal,,,
50,Concentrix ,Hyderabad_Divyasree Orion 1st Floor-B7,,,
51,Concentrix ,Hyderabad_Divyasree Orion 1st Floor-B7 South,,,
52,Concentrix ,Hyderabad_Divyasree Orion 5th Floor-B6,,,
53,Concentrix ,Hyderabad_Divyasree Orion 6th Floor-B7,,,
54,Concentrix ,Hyderabad_Divyasree Orion 6th Floor-B7 North,,,
55,Concentrix ,Hyderabad_Uppal,,,
56,Concentrix ,Bangalore - Karle Hub - 4,,,
57,Concentrix ,Bangalore - Karle Hub 1,,,
58,Concentrix ,Bangalore - Manyata C4 ,,,
59,Concentrix ,Bangalore - Manyata D4,,,
60,Concentrix ,Bangalore - Manyata D4 ,,,
61,Concentrix ,Bangalore - Manyata G4,,,
62,Concentrix ,Bhubhneshwar,,,
63,Concentrix ,Chandigarh,,,
64,Concentrix ,Gurgaon  - DLF  Bld 14,,,
65,Concentrix ,"Gurgaon  - DLF  Bld 14 (17, G)",,,
66,Concentrix ,Gurgaon  - DLF  Bld 14 (20D),,,
67,Concentrix ,"Gurgaon  - DLF  Bld 14 (5, 6)",,,
68,Concentrix ,Gurgaon  - DLF  Bld 14 11,,,
69,Concentrix ,Gurgaon  - DLF Infinity,,,
70,Concentrix ,Gurgaon  - DLF  Bld 14,,,
71,Concentrix ,Gurgaon  - DLF  Bld 6,,,
72,Concentrix ,Gurgaon-SP infocity,,,
73,Concentrix ,"Gurgaon-SP infocity 3A,7A, 7B",,,
74,Concentrix ,Gurgaon-SP infocity GF Tower A,,,
75,Concentrix ,Gurgoan - UV-184,,,
76,Concentrix ,Kolkata - Candor Unitech,,,
77,Concentrix ,Kolkata - DLF,,,
78,Concentrix ,Kolkata - DLF IT Park,,,
79,Concentrix ,Kolkata - MC - II,,,
80,Concentrix ,Kolkata - Millennium City,,,
81,Concentrix ,Kolkata - Unitech SEZ,,,
82,Concentrix ,Lansum square,,,
83,Concentrix ,Magnus Towers,,,
84,Concentrix ,Mumbai - Magnus,,,
85,Concentrix ,Noida - Logix Cyber Park,,,
86,Concentrix ,Pune - TPO A,,,
87,Concentrix ,Pune - TPO- C&D,,,
88,Concentrix ,Pune - TPO-A,,,
89,Concentrix ,Pune - TPO-A ,,,
90,Concentrix ,Pune-RMZ,,,
91,Concentrix ,Rajmahal Bhubaneshwar,,,
92,Concentrix ,Ranchi- Arsh Heights,,,
93,Concentrix ,Ranchi- Maru tower,,,
94,Concentrix ,Visakhapatnam_Lansum Square,,,
95,Concentrix ,Visakhapatnam_SRK Destiny,,,
96,Concentrix ,Vizag - Lansum,,,
97,Concentrix ,Vizag - SRK,,,
98,Concentrix ,"Gurgaon - DLF Bld 14 (11,16,18)",,,
99,Concentrix ,"Gurgaon - DLF Bld 14 (17,G)",,,
100,Concentrix ,Gurgaon - DLF Bld 14 (20),,,
101,Concentrix ,"Gurgaon - DLF Bld 14 (5,6)",,,
102,Concentrix ,Gurgaon - DLF Bld 6,,,
103,Concentrix ,"Gurgaon - SP Infocity (3A, 7A)",,,
104,Concentrix ,"Gurgaon - SP Infocity (3rd Flr, 7th Flr)",,,
105,Concentrix ,Gurgaon - UV 184,,,
106,Concentrix ,Rajmahal Bhubaneshwar,,,
107,Concentrix ,Visakhapatnam_Lansum Square,,,
108,Concentrix ,Visakhapatnam_SRK Destiny,,,
109,Concentrix ,Bangalore - Millennium Towers,,,
110,Concentrix ,Vododara - Imperia,,,
111,Concentrix ,Bangalore Eco space 4A,,,
112,Concentrix ,Chennai_Fortune Tower,,,
113,Concentrix ,Imperia,,,
114,Concentrix ,Mumbai -Symphony,,,
115,Concentrix ,Pune - E Space,,,
116,Concentrix ,Vadodara -Alembic,,,
117,Concentrix ,Pune - E Space,,,
118,Concentrix ,Chennai - Fortune Tower,,,
119,Concentrix ,Chennai_Fortune Tower,,,
120,Conduent,Bangalore - Aviator,,,
121,Conduent,Hydrabad - GAR LIB,,,
122,Conduent,Kochin - Vismaya &Carnival,,,
123,Conduent,Noida - Condor,,,
124,Conduent,Vizag - Millenium,,,
125,Convergys India Services Pvt Ltd,Bangalore - Divyasree,,,
126,Convergys India Services Pvt Ltd,Bangalore-Divyasree,,,
127,Convergys India Services Pvt Ltd,G-Corp Thane,,,
128,Convergys India Services Pvt Ltd,Gurgaon - SP Infocity,,,
129,Convergys India Services Pvt Ltd,Gurgaon-SP infocity,,,
130,Convergys India Services Pvt Ltd,Harayana - Infinity,,,
131,Convergys India Services Pvt Ltd,Hyderabad- Raheja 2A,,,
132,Convergys India Services Pvt Ltd,Mumbai - Paradigm,,,
133,Convergys India Services Pvt Ltd,Mumbai  -Thane-G-Corp,,,
134,Convergys India Services Pvt Ltd,Mumbai  - Paradigm,,,
135,Convergys India Services Pvt Ltd,Paradigm Towers,,,
136,Convergys India Services Pvt Ltd,Pune-RMZ,,,
137,Convergys India Services Pvt Ltd,"Raheja 2A, Hyderabad ",,,
138,Convergys India Services Pvt. Ltd.,"G-Corp Tech Park, Mumbai",,,
139,Concentrix,Bangalore-Divyasree,,,
140,Concentrix,G-Corp Thane,,,
141,Concentrix,Gurgaon - SP Infocity,,,
142,Concentrix,Gurgaon-SP infocity,,,
143,Concentrix,Harayana - Infinity,,,
144,Concentrix,Hyderabad- Raheja 2A,,,
145,Concentrix,Mumbai - Paradigm,,,
146,Concentrix,Mumbai  -Thane-G-Corp,,,
147,Concentrix,Mumbai  - Paradigm,,,
148,Concentrix,Paradigm Towers,,,
149,Concentrix,Pune-RMZ,,,
150,Concentrix,"Raheja 2A, Hyderabad ",,,
151,DBS Bank India Limited,A.S Rao Nagar - Hyderabad,,,
152,DBS Bank India Limited,Adilabad - Hyderabad,,,
153,DBS Bank India Limited,Alathur - Karur,,,
154,DBS Bank India Limited,Ambilikai - Karur,,,
155,DBS Bank India Limited,Ambilikkai - Karur,,,
156,DBS Bank India Limited,Anathapur-Hyderabad,,,
157,DBS Bank India Limited,Andhra Pradesh,,,
158,DBS Bank India Limited,Andhra Pradesh ,,,
159,DBS Bank India Limited,Anna Salai - Chennai,,,
160,DBS Bank India Limited,"ANNAMAYYA CIRCLE, TIRUPATHI - Hyderabad",,,
161,DBS Bank India Limited,Basavangudi - Bangalore,,,
162,DBS Bank India Limited,Basavangudi -  Bangalore ,,,
163,DBS Bank India Limited,Bhilwara - Delhi,,,
164,DBS Bank India Limited,Bhimavaram - Hyderabad,,,
165,DBS Bank India Limited,Bhimavaram-Hyderabad,,,
166,DBS Bank India Limited,Brahmadevam - Hyderabad,,,
167,DBS Bank India Limited,Cathedral Road - Chennai,,,
168,DBS Bank India Limited,Chalakudy - Kerala,,,
169,DBS Bank India Limited,Chattisgarh,,,
170,DBS Bank India Limited,Chennai,,,
171,DBS Bank India Limited,Chennai Main & G. N Street - Chennai,,,
172,DBS Bank India Limited,Chennai OMR Kiosk,,,
173,DBS Bank India Limited,Chitra Durga - Bangalore,,,
174,DBS Bank India Limited,Coimbatore DBIL - Coimbatore,,,
175,DBS Bank India Limited,Coimbatore DBIL-Coimbatore,,,
176,DBS Bank India Limited,Coimbatore Main - Coimbatore,,,
177,DBS Bank India Limited,corporate office - Chennai,,,
178,DBS Bank India Limited,Cuddapah - Hyderabad,,,
179,DBS Bank India Limited,Cumbum- karur,,,
180,DBS Bank India Limited,Davanagere - Bangalore,,,
181,DBS Bank India Limited,DAVANGERE - Bangalore,,,
182,DBS Bank India Limited,DBS bank Centre - Chennai,,,
183,DBS Bank India Limited,DBS Jamshedpur branch,,,
184,DBS Bank India Limited,"DBS, Durg Branch, Chattisgarh",,,
185,DBS Bank India Limited,"DBS, Garia, kolkata",,,
186,DBS Bank India Limited,"DBS, Salt Lake, Kolkata",,,
187,DBS Bank India Limited,Delhi,,,
188,DBS Bank India Limited,Dindigul CC -Karur,,,
189,DBS Bank India Limited,DLF Gurgaon,,,
190,DBS Bank India Limited,DOMMARA NANDIYAL - Hyderabad,,,
191,DBS Bank India Limited,Dondapadu - Hyderabad,,,
192,DBS Bank India Limited,Express Tower - MAHARASHTRA,,,
193,DBS Bank India Limited,Gadag - Bangalore,,,
194,DBS Bank India Limited,Gandhipuram - Coimbatore,,,
195,DBS Bank India Limited,"Garia, kolkata",,,
196,DBS Bank India Limited,Guduvanchery - Chennai,,,
197,DBS Bank India Limited,Gujarat,,,
198,DBS Bank India Limited,Guntur - Hyderabad,,,
199,DBS Bank India Limited,Haryana,,,
200,DBS Bank India Limited,HSR Layout Bangalore,,,
201,DBS Bank India Limited,Indore - Madhya Pradesh,,,
202,DBS Bank India Limited,Jalakandapuram - Coimbatore,,,
203,DBS Bank India Limited,Jayanagar - Bangalore ,,,
204,DBS Bank India Limited,Jharkhand,,,
205,DBS Bank India Limited,Kadalangudi - Chennai,,,
206,DBS Bank India Limited,Kallakuruchi - Chennai,,,
207,DBS Bank India Limited,KARNATAKA,,,
208,DBS Bank India Limited,Karol Bagh - Delhi,,,
209,DBS Bank India Limited,Kattuputhur - Karur,,,
210,DBS Bank India Limited,Kengeri - Bangalore,,,
211,DBS Bank India Limited,Kerala,,,
212,DBS Bank India Limited,Kolhapur - MAHARASHTRA,,,
213,DBS Bank India Limited,Madhya Pradesh,,,
214,DBS Bank India Limited,MAHARASHTRA,,,
215,DBS Bank India Limited,MALKAJGIRI - Hyderabad ,,,
216,DBS Bank India Limited,Mallemadugu - Hyderabad ,,,
217,DBS Bank India Limited,Mangaluru - Bangalore,,,
218,DBS Bank India Limited,Marichetlapalem - Hyderabad,,,
219,DBS Bank India Limited,Melaseshamangalam - Chennai,,,
220,DBS Bank India Limited,Michalpatti - Karur,,,
221,DBS Bank India Limited,Moolapalayam - Coimbatore,,,
222,DBS Bank India Limited,MVP Colony vizag - Hyderabad,,,
223,DBS Bank India Limited,Myleripalayam - Coimbatore,,,
224,DBS Bank India Limited,NAGAPATTINAM - Chennai,,,
225,DBS Bank India Limited,Namakkal - Coimbatore,,,
226,DBS Bank India Limited,Orissa,,,
227,DBS Bank India Limited,Peelamedu - Coimbatore,,,
228,DBS Bank India Limited,"Pimpri, Pune",,,
229,DBS Bank India Limited,Podakudy - Chennai,,,
230,DBS Bank India Limited,Pondicherry,,,
231,DBS Bank India Limited,Pondicherry - Chennai,,,
232,DBS Bank India Limited,Ponnal - Hyderabad,,,
233,DBS Bank India Limited,Puliyakulam - Coimbatore,,,
234,DBS Bank India Limited,Pune Pimpri - MAHARASHTRA,,,
235,DBS Bank India Limited,Punjab,,,
236,DBS Bank India Limited,R.T Nagar Bangalore ,,,
237,DBS Bank India Limited,R.T.Nagar - Bangalore,,,
238,DBS Bank India Limited,Rajasthan,,,
239,DBS Bank India Limited,Ramanathapuram - Coimbatore,,,
240,DBS Bank India Limited,"Rubby Tower, Mumbai",,,
241,DBS Bank India Limited,Salem DBIL-Coimbatore,,,
242,DBS Bank India Limited,Salt Lake Kolkata - Delhi,,,
243,DBS Bank India Limited,Sankarapuram - Chennai,,,
244,DBS Bank India Limited,Sentharapatti-Coimbatore,,,
245,DBS Bank India Limited,Somajiguda - Hyderabad,,,
246,DBS Bank India Limited,Sultannagaram Gollapalem - Hyderabad,,,
247,DBS Bank India Limited,Sundharapandiyam - Karur,,,
248,DBS Bank India Limited,Tamil Nadu,,,
249,DBS Bank India Limited,Tamil Nadu ,,,
250,DBS Bank India Limited,TamilNadu,,,
251,DBS Bank India Limited,Technology Centre - Chennai ,,,
252,DBS Bank India Limited,TELANGANA,,,
253,DBS Bank India Limited,Theni- karur,,,
254,DBS Bank India Limited,Thindal-Coimbatore,,,
255,DBS Bank India Limited,Thiruthuraipoondi - Chennai,,,
256,DBS Bank India Limited,Thiruvanandhapuram - Kerala,,,
257,DBS Bank India Limited,Thoraipakkam - Chennai ,,,
258,DBS Bank India Limited,Thrissur - Kerala,,,
259,DBS Bank India Limited,Triplicane  - Chennai,,,
260,DBS Bank India Limited,Tuticorin - Karur ,,,
261,DBS Bank India Limited,UP,,,
262,DBS Bank India Limited,Uranganpatti - Karur,,,
263,DBS Bank India Limited,Vadavalli-Coimbatore,,,
264,DBS Bank India Limited,Velachery - Chennai,,,
265,DBS Bank India Limited,Venjuvancheri - Chennai,,,
266,DBS Bank India Limited,Vikhroli - MAHARASHTRA,,,
267,DBS Bank India Limited,"Villapuram, Madurai -Karur",,,
268,DBS Bank India Limited,Vinukonda - Hyderabad,,,
269,DBS Bank India Limited,Virudhunagar - Karur,,,
270,DBS Bank India Limited,West Bengal,,,
271,DBS Bank India Limited,"West Mambalam, Chennai",,,
272,DBS Bank India Limited,West Tambaram - Chennai,,,
273,DBS Bank India Limited,Yethapur - Coimbatore,,,
274,DBS Bank India Limited,West Bengal,,,
275,DBS Bank India Limited,"West Mambalam, Chennai",,,
276,DBS Bank India Limited,West Tambaram - Chennai,,,
277,DBS Bank India Limited,Yethapur - Coimbatore,,,
278,Eisner Amper,Bangalore- Elnath,,,
279,Eisner Amper,Mumbai - Goregaon,,,
280,Eisner Amper,Hyderabad ,,,
281,Eli Lilly and Company (India) Pvt. Ltd,Gurgaon,,,
282,ENDURANCE INTERNATIONAL GROUP (INDIA) PRIVATE LIMITED,Nesco Goregaon Mumbai,,,
283,Expedia Online Travel Services India Private Limited,Bangalore,,,
284,Facebook India Online Services Pvt Ltd,Bangalore - EGL,,,
285,Facebook India Online Services Pvt Ltd,Gurgaon,,,
286,Facebook India Online Services Pvt Ltd,Hyderabad-20B,,,
287,Facebook India Online Services Pvt Ltd,Hyderabad-Sky View,,,
288,Facebook India Online Services Pvt Ltd,Mumbai - BKC,,,
289,Forcepoint Software Consulting,Mumbai- Thane,,,
290,Fortum India Private Limited,Gurgaon,,,
291,Gartner India Research & Advisory Services Pvt Ltd.,Bangalore- Marathahalli,,,
292,Gartner India Research & Advisory Services Pvt Ltd.,Bangalore- Residency Rd,,,
293,Gartner India Research & Advisory Services Pvt Ltd.,Chennai - DLF IT Park,,,
294,Gartner India Research & Advisory Services Pvt Ltd.,Gurgaon - DLF Cyber Park,,,
295,Gartner India Research & Advisory Services Pvt Ltd.,Mumbai - BKC,,,
296,GLOBALFOUNDRIES Engineering Pvt Ltd,Bangalore,,,
297,Group M Media India Pvt LTD,Coimbatore,,,
298,HP Computing and Printing Systems India Private Limited,Chennai,,,
299,ICE Data Services India Private Limited,Hyderabad ,,,
300,ICE Data Services India Private Limited,Hyderabad 11th floor,,,
301,ICE Data Services India Private Limited,Hyderabad 9th & 11th floor,,,
302,ICE Data Services India Private Limited,Hyderabad 9th floor,,,
303,ICICI Bank Limited,Bangalore- MG road,,,
304,ICICI Bank Limited,Hyderabad,,,
305,IKEA India Private Limited,Hyderabad,,,
306,IKEA India Private Limited,Mumbai,,,
307,IKEA India Private Limited,Pune- Chakan,,,
308,IMS HEALTH ANALYTICS SERVICES PVT LTD,Bangalore- Omega IMS,,,
309,IQVIA Analytics Services,Gurgaon,,,
310,IQVIA RDS (India) Private Limited,Mumbai Andheri,,,
311,IQVIA CONSULTING AND INFORMATION SERVICES INDIA Private Limited ,Chennai,,,
312,IQVIA RDS (India) Private Limited,Mumbai G-Corp,,,
313,IQVIA RDS (India) Private Limited,Pune,,,
314,IQVIA RDS (India) Private Limited,Coimbatore,,,
315,IQVIA RDS (India) Private Limited,Bangalore- MFAR,,,
316,IQVIA RDS (INDIA) PVT. LTD.,Bangalore- Omega RDS,,,
317,JLL 4 JLL ,Bangalore,,,
318,JLL 4 JLL ,Bangalore - PK Office,,,
319,JLL 4 JLL ,Bangalore - PTT,,,
320,JLL 4 JLL ,Bangalore - TDMI,,,
321,JLL 4 JLL ,Bangalore - UB City,,,
322,JLL 4 JLL ,Chennai,,,
323,JLL 4 JLL ,Gurgaon - Cyberpark,,,
324,JLL 4 JLL ,Gurgaon - JBS,,,
325,JLL 4 JLL ,Hyderabad,,,
326,JLL 4 JLL ,Kolkata,,,
327,JLL 4 JLL ,Mumbai- One BKC,,,
328,JLL 4 JLL ,Pune,,,
329,JPMC,Bangalore-Blue Bay (EGL),,,
330,JPMC,Bangalore-ETV 09,,,
331,JPMC,Bangalore-ETV Building,,,
332,JPMC,Bangalore-FAIRWINDS (EGL),,,
333,JPMC,Bangalore-Platina Building,,,
334,JPMC,Bangalore-PTP Building,,,
335,JPMC,Hyderabad- Magma,,,
336,JPMC,Mumbai - Magnus,,,
337,JPMC,Mumbai- Kalina,,,
338,JPMC,Mumbai- Paradigm B,,,
339,JPMC,Mumbai- Ventura,,,
340,KLA-Tencor Software India Private Limited,Chennai- Rajiv Gandhi ( Prince ),,,
341,KLA-Tencor Software India Private Limited,Chennai- RMZ,,,
342,Koch Business Solutions India Private Limited,Bangalore- KBSI & KBSI- Cedar,,,
343,Koch Business Solutions India Private Limited,Bangalore- MIBS,,,
344,Koch Business Solutions India Private Limited,Gujarat - Neptue,,,
345,Koch Business Solutions India Private Limited,Gujarat - Savli,,,
346,Koch Business Solutions India Private Limited,Mumbai,,,
347,Koch Business Solutions India Private Limited,Gujarat - Savli,,,
348,Lam Research (India) Pvt Ltd.,Bangalore,,,
349,Lead Square,Bangalore- Omega,,,
350,LINKEDIN TECHNOLOGY INFORMATION PRIVATE LIMITED,Bangalore- GTP,,,
351,LINKEDIN TECHNOLOGY INFORMATION PRIVATE LIMITED,Mumbai- BKC,,,
352,Mahindra & Mahindra ,Chennai,,,
353,Mahindra & Mahindra ,Coimbatore,,,
354,Mahindra & Mahindra ,Kolkata-Chowringhee,,,
355,Mahindra & Mahindra ,Kolkata-KYD,,,
356,Mahindra & Mahindra ,Mumbai - Gateway,,,
357,Mahindra & Mahindra ,Mumbai - MITC Kandivali,,,
358,Mahindra & Mahindra ,Mumbai - Sadhna House,,,
359,Mahindra & Mahindra ,Mumbai - Sewree,,,
360,Mahindra & Mahindra ,Mumbai - Worli,,,
361,Mahindra & Mahindra ,Mumbai - Cecil Court,,,
362,MARSH MCLENNAN GLOBAL SERVICES INDIA PRIVATE LIMITED,"Supreme Buisness Park, Powai Mumbai",,,
363,MARSH MCLENNAN GLOBAL SERVICES INDIA PRIVATE LIMITED,Pune,,,
364,Mercer Consulting India Private Limited,Gurgaon - ASF Insignia,,,
365,Mercer Consulting India Private Limited,Gurgaon - DLF Building 14,,,
366,Mercer Consulting India Private Limited,Noida,,,
367,Moody's Infospace ,Gurgaon,,,
368,MIS Support Center Private Limited,Bangalore - Residency Rd,,,
369,NAB Global Innovation Centre India Private Limited,Gurgaon,,,
370,Natixis Global Services (India) Private Limited,Bangalore,,,
371,NTT DATA,Bangalore - Global Village SEZ,,,
372,Oracle Cerner Healthcare Solutions India Pvt Ltd,Bangalore- Manyata H2,,,
373,Oracle Cerner Healthcare Solutions India Pvt Ltd,Bangalore- North Gate,,,
374,Oracle Cerner Healthcare Solutions India Pvt Ltd,Kolkata - Martin Burn,,,
375,Oracle Financial Services Software Limited,Bengaluru - C V Raman Nagar OFSS,,,
376,Oracle Financial Services Software Limited,Bengaluru - Global Axis OFSS,,,
377,Oracle Financial Services Software Limited,Chennai - Greens I Tech OFSS,,,
378,Oracle Financial Services Software Limited,Mumbai - BKC,,,
379,Oracle Financial Services Software Limited,Mumbai - Goregaon Owned OFSS,,,
380,Oracle Financial Services Software Limited,Pune - Ambrosia OFSS,,,
381,Oracle India Private Limited,Ahmedabad - Gandhinagar GIFT 1,,,
382,Oracle India Private Limited,Bengaluru - Oracle Tech Park,,,
383,Oracle India Private Limited,Bengaluru - OTH Block A,,,
384,Oracle India Private Limited,"Bengaluru - OTH Block A,B,C,D",,,
385,Oracle India Private Limited,Bengaluru - OTH Block B,,,
386,Oracle India Private Limited,Bengaluru - OTH Block C,,,
387,Oracle India Private Limited,Bengaluru - OTH Block D,,,
388,Oracle India Private Limited,Bengaluru - OTH Block E,,,
389,Oracle India Private Limited,Hyderabad - Campus Phase I,,,
390,Oracle India Private Limited,"Hyderabad - Campus Phase I, II & III",,,
391,Oracle India Private Limited,Hyderabad - Campus Phase II,,,
392,Oracle India Private Limited,Hyderabad - Campus Phase III,,,
393,Oracle India Private Limited,Kolkata - Martin Burn,,,
394,Oracle India Private Limited,New Delhi - Rasvillas,,,
395,Oracle Solution Services India Pvt Ltd.,Bengaluru - Commerce at Mantri,,,
396,Oracle Solution Services India Pvt Ltd.,Bengaluru - Krishna Magnum,,,
397,Oracle Solution Services India Pvt Ltd.,Gurgaon,,,
398,Oracle Solution Services India Pvt Ltd.,Gurgaon - One Horizon Center,,,
399,Oracle Solution Services India Pvt Ltd.,Hyderabad - Ananth Tower C OSSI,,,
400,Oracle Solution Services India Pvt Ltd.,Hyderabad - Cyber Park,,,
401,Oracle Solution Services India Pvt Ltd.,Hyderabad - Salarpuria Sattva Knowledge City OSSI,,,
402,Oracle Solution Services India Pvt Ltd.,Mumbai - FIFC Building,,,
403,Oracle Solution Services India Pvt Ltd.,Mumbai - FIFC Building OSSI,,,
404,Oracle Solution Services India Pvt Ltd.,New Delhi - Noida Bldg 3C T A,,,
405,Oracle Solution Services India Pvt Ltd.,New Delhi - Noida Bldg 3C T A OSSI,,,
406,Oracle Solution Services India Pvt Ltd.,Noida,,,
407,Oracle Solution Services India Pvt Ltd.,Trivandrum - Carnival T.P-I OSSI,,,
408,Oracle Solution Services India Pvt Ltd.,Trivandrum - Carnival T.P-II OSSI,,,
409,Pearson India Education Services Pvt Ltd,Banglore - Divyashree,,,
410,Pearson India Education Services Pvt Ltd,Noida,,,
411,Philips India Limited,Bangalore - North gate,,,
412,Philips India Limited,Gurgaon - DLF,,,
413,Philips India Limited,Kolkata - DLF,,,
414,Philips India Limited,Kolkata - Srijan,,,
415,Philips India Limited,Pune - Pimpri,,,
416,Poonawalla Fincorp Limited,Pune,,,
417,QualityKiosk Technologies Pvt Ltd,Mumbai,,,
418,RELX India Pvt. Ltd.,Mumbai - Andheri,,,
419,Rocket Software,Bangalore,,,
420,Rocket Software,Pune,,,
421,SAP Labs India Pvt. Ltd,Bangalore - BLR 02,,,
422,SAP Labs India Pvt. Ltd,Bangalore- BLR 03,,,
423,SAP Labs India Pvt. Ltd,Gurgaon,,,
424,Schneider Electric IT Business India,Bangalore- IDF 3 (ITBU),,,
425,Schneider Electric IT Business India,Schneider - APW ,,,
426,Societe Generale,Mumbai- Lower parel,,,
427,Societe Generale,New Delhi,,,
428,Stryker Global Technology Center Private Limited,Bangalore,,,
429,Stryker Global Technology Center Private Limited,Chennai,,,
430,Stryker Global Technology Center Private Limited,Gurgaon- Warehouse,,,
431,Table Space,Bangalore- 1 Shobha,,,
432,Table Space,Bangalore- Bagmane Luxor,,,
433,Table Space,Bangalore- Bagmane Solorium,,,
434,Table Space,Bangalore- Bren Optimus,,,
435,Table Space,Bangalore- EGL,,,
436,Table Space,Bangalore- ITPL,,,
437,Table Space,Bangalore- Manyata L6,,,
438,Table Space,Bangalore- Manyata MFAR- 2F,,,
439,Table Space,Bangalore- Manyata N1,,,
440,Table Space,Bangalore- Myanata Mfar - 2F,,,
441,Table Space,bangalore- Prestige Khoday,,,
442,Table Space,Bangalore- Prestige Obelisk,,,
443,Table Space,Bangalore- Prestige Obliske,,,
444,Table Space,Bangalore- Prestige Shantinikethan,,,
445,Table Space,Bangalore- Prestige Trade Tower,,,
446,Table Space,Bangalore- PTP - Etamin,,,
447,Table Space,Bangalore- PTP - Etamin ,,,
448,Table Space,Bangalore- PTP - Valance ,,,
449,Table Space,Bangalore- PTT,,,
450,Table Space,Bangalore- RMZ Millennia,,,
451,Table Space,Bangalore- SJR prime (whitefield),,,
452,Table Space,Bangalore- SJR Primeco bannerghata,,,
453,Table Space,Bangalore- SJR Union,,,
454,Table Space,Bangalore- SJR Union City (White field),,,
455,Table Space,Bangalore- UB city,,,
456,Table Space,Bangalore- Vasawani Augusta,,,
457,Table Space,Bangalore- Vasawani Centropolis,,,
458,Table Space,Bangalore- Vasawani Oakmont,,,
459,Table Space,Chennai- Global Info city ,,,
460,Table Space,Chennai- KRC Commerzone,,,
461,Table Space,GLT,,,
462,Table Space,Gurgaon- DLF 10 B & C,,,
463,Table Space,Gurgaon- DLF 5A,,,
464,Table Space,Gurgaon- DLF 8B,,,
465,Table Space,Gurgaon- Global Gateway,,,
466,Table Space,Gurgaon- Global Gateway ,,,
467,Table Space,Gurgaon- Two Horizon,,,
468,Table Space,Hyderabad- Aurobindo Galaxy,,,
469,Table Space,Hyderabad- Joythi Galaxy,,,
470,Table Space,Hyderabad- My Home Twitza,,,
471,Table Space,Hyderabad- SOHINI TECH PARK,,,
472,Table Space,Hyderabad- Western Aqua,,,
473,Table Space,Hyderabad- Western Dallas,,,
474,Table Space,Mumbai- Godrej BKC,,,
475,Table Space,Mumbai- ORB- Andheri,,,
476,Table Space,Mumbai- Peninsula Business Park,,,
477,Table Space,Mumbai- Solitire Corporate Park,,,
478,Table Space,Noida- BPTP,,,
479,Table Space,Pune- AmarTechPark,,,
480,Table Space,Pune- GLT Floor,,,
481,Table Space,Pune- GLT PM,,,
482,Table Space,Pune- PBP,,,
483,Table Space,Pune- PFH,,,
484,Table Space,Pune- Phoenix Fountain,,,
485,Table Space,Pune- TPO,,,
486,Table Space,Pune- Weikfield IT Park,,,
487,Table Space,Pune- WTC,,,
488,Table Space,Pune- Phoenix Fountain,,,
489,Table Space,Pune- TPO,,,
490,Table Space,Pune- Weikfield IT Park,,,
491,Table Space,Pune- WTC,,,
492,Telstra Engineering Services,Bangalore,,,
493,Telstra Engineering Services,Delhi,,,
494,Telstra Engineering Services,Hyderabad,,,
495,Telstra Engineering Services,Mumbai,,,
496,Telstra Engineering Services,Pune,,,
497,Thomson Reuters International Services Private Ltd,Hyderabad- Mindspace,,,
498,Tower Research,Gurgaon,,,
499,Tresvista,Bangalore,,,
500,Tresvista,Mumbai,,,
501,Tresvista,Pune,,,
502,Visa Consolidated Support Services India Pvt Ltd,Mumbai- BKC,,,
503,Workday,Pune,,,
504,WPP Marketing Communications India Private Limited,Udyog Vihar GGN,,,
